,date,tokenID,Name
0,2022-11-09 16:59:48,621,Ouroboros Club
1,2022-11-09 16:59:48,620,Ouroboros Club
2,2022-11-09 16:59:48,1400,Party Animals
3,2022-11-09 16:59:48,3318,MadSkullz
4,2022-11-09 16:59:48,822,Ripperz
5,2022-11-09 16:59:48,1689,CHAD DOGE
6,2022-11-09 16:59:48,38,Innermost by Brian Morris
7,2022-11-09 16:59:48,2074,Rich Peon Poor Peon
8,2022-11-09 17:19:07,7332,chikn
9,2022-11-09 17:27:51,986,FarmLand
10,2022-11-09 17:44:31,1174,CHAD DOGE
11,2022-11-09 17:44:31,746,CHAD DOGE
12,2022-11-09 17:44:31,535,Wolfi Land
13,2022-11-09 17:44:31,458,Gen 0 Shidizens
14,2022-11-09 17:44:31,156,smATM
15,2022-11-09 17:44:31,37,smATM
16,2022-11-09 17:44:31,192,smATM
17,2022-11-09 17:44:31,405,Smol Creeps
18,2022-11-09 17:44:31,60,Beeg Pumpkins
19,2022-11-28 02:18:17,96,Black Swan Club
20,2022-11-28 02:18:17,80,Black Swan Club
21,2022-11-28 02:18:17,287,Black Swan Club
22,2022-11-28 02:18:17,362,Black Swan Club
23,2022-11-28 02:18:17,402,Black Swan Club
24,2022-11-28 02:18:17,265,Black Swan Club
25,2022-11-28 02:18:17,129,Black Swan Club
26,2022-11-28 02:18:17,92,Black Swan Club
27,2022-11-28 02:18:17,60,Black Swan Club
28,2022-11-28 02:18:17,21,Black Swan Club
29,2022-11-28 02:18:17,258,Black Swan Club
30,2022-11-28 02:18:17,145,Black Swan Club
31,2022-11-28 02:18:17,84,Black Swan Club
32,2022-11-28 02:18:17,297,Black Swan Club
33,2022-11-28 02:18:17,376,Black Swan Club
34,2022-11-28 02:18:17,391,Black Swan Club
35,2022-11-28 02:18:17,342,Black Swan Club
36,2022-11-28 02:18:17,308,Black Swan Club
37,2022-11-28 02:18:17,275,Black Swan Club
38,2022-11-28 02:18:17,155,Black Swan Club
39,2022-11-28 02:18:17,100,Black Swan Club
40,2022-11-28 02:18:17,104,Black Swan Club
41,2022-11-28 02:18:17,42,Black Swan Club
42,2022-11-28 02:18:17,43,Black Swan Club
43,2022-11-28 02:18:17,47,Black Swan Club
44,2022-12-20 23:20:37,7332,chikn
45,2022-12-20 23:21:09,986,FarmLand
46,2022-12-30 23:39:02,746,CHAD DOGE
47,2023-02-02 16:46:17,4883,Chad Doge Supers
48,2023-02-02 16:46:17,4882,Chad Doge Supers
49,2023-02-07 17:59:18,1579,CHAD DOGE
50,2022-11-04 19:52:54,1092,Nox Beyond
51,2022-11-28 00:22:37,0,Black Swan Club
52,2022-11-28 00:22:37,1,Black Swan Club
53,2022-11-28 00:22:37,2,Black Swan Club
54,2022-11-28 00:22:37,3,Black Swan Club
55,2022-11-28 00:22:37,4,Black Swan Club
56,2022-11-28 00:22:37,5,Black Swan Club
57,2022-11-28 00:22:37,6,Black Swan Club
58,2022-11-28 00:22:37,7,Black Swan Club
59,2022-11-28 00:22:37,8,Black Swan Club
60,2022-11-28 00:22:37,9,Black Swan Club
61,2022-11-28 00:22:37,10,Black Swan Club
62,2022-11-28 00:22:37,11,Black Swan Club
63,2022-11-28 00:22:37,12,Black Swan Club
64,2022-11-28 00:22:37,13,Black Swan Club
65,2022-11-28 00:22:37,14,Black Swan Club
66,2022-11-28 00:22:37,15,Black Swan Club
67,2022-11-28 00:22:37,16,Black Swan Club
68,2022-11-28 00:22:37,17,Black Swan Club
69,2022-11-28 00:22:37,18,Black Swan Club
70,2022-11-28 00:22:37,19,Black Swan Club
71,2022-11-28 00:22:37,20,Black Swan Club
72,2022-11-28 00:22:37,21,Black Swan Club
73,2022-11-28 00:22:37,22,Black Swan Club
74,2022-11-28 00:22:37,23,Black Swan Club
75,2022-11-28 00:22:37,24,Black Swan Club
76,2022-11-28 00:22:37,25,Black Swan Club
77,2022-11-28 00:22:37,26,Black Swan Club
78,2022-11-28 00:22:37,27,Black Swan Club
79,2022-11-28 00:22:37,28,Black Swan Club
80,2022-11-28 00:22:37,29,Black Swan Club
81,2022-11-28 00:22:37,30,Black Swan Club
82,2022-11-28 00:22:37,31,Black Swan Club
83,2022-11-28 00:22:37,32,Black Swan Club
84,2022-11-28 00:22:37,33,Black Swan Club
85,2022-11-28 00:22:37,34,Black Swan Club
86,2022-11-28 00:22:37,35,Black Swan Club
87,2022-11-28 00:22:37,36,Black Swan Club
88,2022-11-28 00:22:37,37,Black Swan Club
89,2022-11-28 00:22:37,38,Black Swan Club
90,2022-11-28 00:22:37,39,Black Swan Club
91,2022-11-28 00:22:37,40,Black Swan Club
92,2022-11-28 00:22:37,41,Black Swan Club
93,2022-11-28 00:22:37,42,Black Swan Club
94,2022-11-28 00:22:37,43,Black Swan Club
95,2022-11-28 00:22:37,44,Black Swan Club
96,2022-11-28 00:22:37,45,Black Swan Club
97,2022-11-28 00:22:37,46,Black Swan Club
98,2022-11-28 00:22:37,47,Black Swan Club
99,2022-11-28 00:22:37,48,Black Swan Club
100,2022-11-28 00:22:37,49,Black Swan Club
101,2022-11-28 00:22:37,50,Black Swan Club
102,2022-11-28 00:22:37,51,Black Swan Club
103,2022-11-28 00:22:37,52,Black Swan Club
104,2022-11-28 00:22:37,53,Black Swan Club
105,2022-11-28 00:22:37,54,Black Swan Club
106,2022-11-28 00:22:37,55,Black Swan Club
107,2022-11-28 00:22:37,56,Black Swan Club
108,2022-11-28 00:22:37,57,Black Swan Club
109,2022-11-28 00:22:37,58,Black Swan Club
110,2022-11-28 00:22:37,59,Black Swan Club
111,2022-11-28 00:22:37,60,Black Swan Club
112,2022-11-28 00:22:37,61,Black Swan Club
113,2022-11-28 00:22:37,62,Black Swan Club
114,2022-11-28 00:22:37,63,Black Swan Club
115,2022-11-28 00:22:37,64,Black Swan Club
116,2022-11-28 00:22:37,65,Black Swan Club
117,2022-11-28 00:22:37,66,Black Swan Club
118,2022-11-28 00:22:37,67,Black Swan Club
119,2022-11-28 00:22:37,68,Black Swan Club
120,2022-11-28 00:22:37,69,Black Swan Club
121,2022-11-28 00:22:37,70,Black Swan Club
122,2022-11-28 00:22:37,71,Black Swan Club
123,2022-11-28 00:22:37,72,Black Swan Club
124,2022-11-28 00:22:37,73,Black Swan Club
125,2022-11-28 00:22:37,74,Black Swan Club
126,2022-11-28 00:22:37,75,Black Swan Club
127,2022-11-28 00:22:37,76,Black Swan Club
128,2022-11-28 00:22:37,77,Black Swan Club
129,2022-11-28 00:22:37,78,Black Swan Club
130,2022-11-28 00:22:37,79,Black Swan Club
131,2022-11-28 00:22:37,80,Black Swan Club
132,2022-11-28 00:22:37,81,Black Swan Club
133,2022-11-28 00:22:37,82,Black Swan Club
134,2022-11-28 00:22:37,83,Black Swan Club
135,2022-11-28 00:22:37,84,Black Swan Club
136,2022-11-28 00:22:37,85,Black Swan Club
137,2022-11-28 00:22:37,86,Black Swan Club
138,2022-11-28 00:22:37,87,Black Swan Club
139,2022-11-28 00:22:37,88,Black Swan Club
140,2022-11-28 00:22:37,89,Black Swan Club
141,2022-11-28 00:22:37,90,Black Swan Club
142,2022-11-28 00:22:37,91,Black Swan Club
143,2022-11-28 00:22:37,92,Black Swan Club
144,2022-11-28 00:22:37,93,Black Swan Club
145,2022-11-28 00:22:37,94,Black Swan Club
146,2022-11-28 00:22:37,95,Black Swan Club
147,2022-11-28 00:22:37,96,Black Swan Club
148,2022-11-28 00:22:37,97,Black Swan Club
149,2022-11-28 00:22:37,98,Black Swan Club
